<FindBugsFilter>

    <Match>
        <Class name="~.*R\$.*"/>
    </Match>
    <Match>
        <Class name="~.*Manifest\$.*"/>
    </Match>

    <!-- BytesResource is the wrapper that is given control of the data. -->
    <Match>
        <Class name="com.bumptech.glide.load.resource.bytes.BytesResource"/>
        <Method name="get"/>
        <Bug pattern="EI_EXPOSE_REP"/>
    </Match>

    <!-- We would rather expose the internal bytes than box or copy them. -->
    <Match>
        <Class name="com.bumptech.glide.load.resource.bytes.BytesResource"/>
        <Bug pattern="EI_EXPOSE_REP2"/>
    </Match>

    <!-- RecyclableBufferedInputStream safely re-uses pooled byte arrays -->
    <Match>
        <Class name="com.bumptech.glide.load.resource.bitmap.RecyclableBufferedInputStream"/>
        <Bug pattern="EI_EXPOSE_REP2"/>
    </Match>

    <!-- DecodeJob tasks are ordered, but equivalent ordering does not imply equality -->
    <Match>
        <Class name="com.bumptech.glide.load.engine.DecodeJob" />
        <Bug pattern="EQ_COMPARETO_USE_OBJECT_EQUALS" />
    </Match>
    <Match>
       <Class name="com.bumptech.glide.load.engine.GlideException$IndentedPrintStream" />
       <Bug pattern="DM_DEFAULT_ENCODING" />
    </Match>

    <!-- We make a best effort attempt to acquire the cpu count from a fixed path -->
    <Match>
      <Class name="com.bumptech.glide.load.engine.executor.RuntimeCompat" />
      <Bug pattern="DMI_HARDCODED_ABSOLUTE_FILENAME" />
    </Match>

    <!-- Re-using the byte array saves allocations, there's no serious risk of mutations. -->
    <Match>
      <Class name="com.bumptech.glide.util.FixedPreloadSizeProvider" />
      <Bug pattern="EI_EXPOSE_REP" />
    </Match>

    <!-- We just cache the value of hashcode, no need to also override equals. -->
    <Match>
      <Class name="com.bumptech.glide.util.CachedHashCodeArrayMap" />
      <Bug pattern="EQ_DOESNT_OVERRIDE_EQUALS" />
    </Match>

    <!-- Inconsistent synchronization is due to synchronizing on Engine/listener to avoid deadlock only. -->
    <Match>
      <Class name="com.bumptech.glide.load.engine.EngineResource" />
      <Bug pattern="IS2_INCONSISTENT_SYNC" />
    </Match>

</FindBugsFilter>
